Designator,Footprint,Quantity,Value,LCSC Part #
"C1, C12, C14, C15, C2, C4, C5, C7, C8, C9",0402,10,100nF,C1525
"C10, C11",0402,2,27pF,C1557
"C13, C16",0402,2,10uF,C15525
C17,0805,1,100nF,C49678
"C3, C6",0402,2,1uF,C29266
"D1, D10, D12, D13, D14, D15, D16, D17, D18, D19, D2, D20, D21, D22, D23, D24, D25, D26, D3, D4, D5, D6, D7, D8, D9",LED_WS2812B_PLCC4_5.0x5.0mm_P3.2mm,25,WS2812B,C114586
D27,D_SMA_Handsoldering,1,SS34,
D28,0805,1,LED_Small,
F1,1206,1,500mA,C70068
J1,PinHeader_1x03_P2.54mm_Vertical,1,Conn_01x03,
J10,PinHeader_1x02_P2.54mm_Horizontal,1,Conn_01x02,
"J11, J12",PinHeader_1x03_P1.27mm_Vertical,2,Conn_01x03,
"J14, J15",JST_XH_S2B-XH-A_1x02_P2.50mm_Horizontal,2,Conn_01x02,
J2,USB_C_Receptacle_GCT_USB4085,1,USB_C_Receptacle_USB2.0,
J3,JST_XH_S2B-XH-A-1_1x02_P2.50mm_Horizontal,1,Conn_01x02,
J4,PinHeader_2x06_P2.54mm_Vertical,1,Conn_02x06_Odd_Even,
J5,35312-0760,1,Conn_01x07,
"J6, J7, J8, J9",Molex_Mini-Fit_Jr_5569-02A2_2x01_P4.20mm_Horizontal,4,Conn_01x02,
"R1, R10, R8",0402,3,1k,C106235
"R11, R13",0805,2,4.7k,C17673
R12,0805,1,120,C17437
R2,0402,1,10k,C60490
R3,0402,1,DNF,
"R4, R5",0402,2,27 Ohm,C2909343
"R6, R7",0402,2,5.1k,C25905
R9,0402,1,3k,C321432
"SW1, SW2",SW_PUSH_6mm,2,SW_Push,
U1,SOIC-8_5.23x5.23mm_P1.27mm,1,W25Q32JVSS,C82344
U2,RP2040-QFN-56,1,RP2040,C2040
U3,SOT-223-3_TabPin2,1,NCP1117-3.3_SOT223,C146799
U4,SOIC-8_3.9x4.9mm_P1.27mm,1,SP3485EN, C8963
Y1,Crystal_HC49-4H_Vertical,1,12.000MHz,
